{
  "v_s": [
    20.83,
    18.75,
    95.5,
    18.98,
    124.14,
    35.7,
    41.07,
    131.01,
    141.32,
    140.94,
    117.88,
    16.66,
    16.72,
    40.27,
    28.23,
    135.92,
    139.5,
    25.27,
    118,
    139.29,
    132.3
  ],
  "days": [
    2736.81,
    2737.79423,
    2739.75576,
    2867.4915,
    3066.84849,
    3068.87513,
    3176.56691,
    3178.66358,
    3179.53692,
    3179.58097,
    3180.56655,
    3183.53414,
    3183.5794,
    3206.63502,
    3516.81108,
    3520.65104,
    3584.61769,
    3816.84529,
    3875.82534,
    3876.68298,
    3877.69367
  ],
  "phase": [
    -0.3163,
    -0.195,
    0.0468,
    -0.2053,
    0.3724,
    -0.3778,
    -0.101,
    0.1575,
    0.2651,
    0.2706,
    0.3921,
    -0.2421,
    -0.2365,
    -0.3941,
    -0.1541,
    0.3193,
    0.2054,
    -0.1645,
    0.1069,
    0.2126,
    0.3372
  ],
  "v_p": [
    132.56,
    133.76,
    59.89,
    136.52,
    36.52,
    120.2,
    113.41,
    29.01,
    19.63,
    19.89,
    41.3,
    138.3,
    138.06,
    115.5,
    128.63,
    24.98,
    22.07,
    129.94,
    41.97,
    20.77,
    27.88
  ]
}
